{
 "Normalization": [
  false,
  "fixed"
 ],
 "a_type": [
  "Additive",
  "fixed"
 ],
 "atom_AtomicNumber": {
  "Const": [
   8.0,
   [
    1.0,
    10.0
   ],
   1.0
  ],
  "kDelta": [
   0.8,
   [
    0.75,
    1.0
   ],
   0.05
  ]
 },
 "atom_AtomicNumber_list_1": {
  "Const": [
   6.0,
   [
    1.0,
    10.0
   ],
   1.0
  ],
  "kConv": [
   0.9,
   [
    0.75,
    1.0
   ],
   0.05
  ]
 },
 "atom_AtomicNumber_list_2": {
  "Const": [
   6.0,
   [
    1.0,
    10.0
   ],
   1.0
  ],
  "kConv": [
   0.75,
   [
    0.75,
    1.0
   ],
   0.05
  ]
 },
 "atom_AtomicNumber_list_3": {
  "Const": [
   2.0,
   [
    1.0,
    10.0
   ],
   1.0
  ],
  "kConv": [
   0.9500000000000001,
   [
    0.75,
    1.0
   ],
   0.05
  ]
 },
 "atom_AtomicNumber_list_4": {
  "Const": [
   6.0,
   [
    1.0,
    10.0
   ],
   1.0
  ],
  "kConv": [
   0.9500000000000001,
   [
    0.75,
    1.0
   ],
   0.05
  ]
 },
 "atom_MorganHash": {
  "Const": [
   2.0,
   [
    1.0,
    10.0
   ],
   1.0
  ],
  "kDelta": [
   0.9,
   [
    0.75,
    1.0
   ],
   0.05
  ]
 },
 "atom_Ring_count": {
  "Const": [
   8.0,
   [
    1.0,
    10.0
   ],
   1.0
  ],
  "kDelta": [
   0.8,
   [
    0.75,
    1.0
   ],
   0.05
  ]
 },
 "atom_RingSize_list": {
  "Const": [
   6.0,
   [
    1.0,
    10.0
   ],
   1.0
  ],
  "kConv": [
   0.8,
   [
    0.75,
    1.0
   ],
   0.05
  ]
 },
 "atom_Hcount": {
  "Const": [
   8.0,
   [
    1.0,
    10.0
   ],
   1.0
  ],
  "kDelta": [
   0.8,
   [
    0.75,
    1.0
   ],
   0.05
  ]
 },
 "atom_AtomicNumber_count_1": {
  "Const": [
   5.0,
   [
    1.0,
    10.0
   ],
   1.0
  ],
  "kDelta": [
   0.75,
   [
    0.75,
    1.0
   ],
   0.05
  ]
 },
 "atom_AtomicNumber_count_2": {
  "Const": [
   2.0,
   [
    1.0,
    10.0
   ],
   1.0
  ],
  "kDelta": [
   1.0,
   [
    0.75,
    1.0
   ],
   0.05
  ]
 },
 "atom_Chiral": {
  "Const": [
   3.0,
   [
    1.0,
    10.0
   ],
   1.0
  ],
  "kDelta": [
   0.9500000000000001,
   [
    0.75,
    1.0
   ],
   0.05
  ]
 },
 "b_type": [
  "Additive",
  "fixed"
 ],
 "bond_Order": {
  "Const": [
   6.0,
   [
    1.0,
    10.0
   ],
   1.0
  ],
  "kDelta": [
   0.75,
   [
    0.75,
    1.0
   ],
   0.05
  ]
 },
 "bond_Stereo": {
  "Const": [
   4.0,
   [
    1.0,
    10.0
   ],
   1.0
  ],
  "kDelta": [
   0.9500000000000001,
   [
    0.75,
    1.0
   ],
   0.05
  ]
 },
 "bond_RingStereo": {
  "Const": [
   10.0,
   [
    1.0,
    10.0
   ],
   1.0
  ],
  "kDelta": [
   0.9,
   [
    0.75,
    1.0
   ],
   0.05
  ]
 },
 "bond_Conjugated": {
  "Const": [
   6.0,
   [
    1.0,
    10.0
   ],
   1.0
  ],
  "kDelta": [
   0.9500000000000001,
   [
    0.75,
    1.0
   ],
   0.05
  ]
 },
 "p_type": [
  "Additive_p",
  "fixed"
 ],
 "probability_Concentration_norm": {
  "Assign_p": [
   1.0,
   "fixed"
  ]
 },
 "q": [
  0.12,
  [
   0.01,
   0.5
  ],
  0.01
 ]
}